{"metadata":{"asset_id":"b46a432c-7806-4023-9c9a-82e518dc2416","asset_attributes":["data_asset"],"name":"m5_survey_data_technologies_normalised.csv","asset_type":"data_asset","created_at":"2022-03-16T04:52:08Z","description":"","origin_country":"us","owner_id":"IBMid-6610038OJR","project_id":"3802ff17-fef2-480f-96ad-af3fd55d1442","size":4172595,"tags":[],"usage":{"last_update_time":1647406515038,"last_updated_at":"2022-03-16T04:55:15Z"}},"entity":{"data_asset":{"mime_type":"text/csv","dataset":false,"schema":{"etag":"\"9f42c66ef065482a77de5a9a0a249fcf\"","valid_since":"Wed, 16 Mar 2022 04:52:07 GMT","fields":[{"name":"Respondent","type":"integer","format":"default"},{"name":"LanguageWorkedWith","type":"string","format":"default"},{"name":"LanguageDesireNextYear","type":"string","format":"default"},{"name":"DatabaseWorkedWith","type":"string","format":"default"},{"name":"DatabaseDesireNextYear","type":"string","format":"default"},{"name":"PlatformWorkedWith","type":"string","format":"default"},{"name":"PlatformDesireNextYear","type":"string","format":"default"},{"name":"WebFrameWorkedWith","type":"string","format":"default"},{"name":"WebFrameDesireNextYear","type":"string","format":"default"},{"name":"DevEnviron","type":"string","format":"default"},{"name":"OpSys","type":"string","format":"default"},{"name":"Containers","type":"string","format":"default"},{"name":"BlockchainOrg","type":"string","format":"default"},{"name":"BlockchainIs","type":"string","format":"default"}]}},"location_definition":{"physical_location_code_assignment_method":"INFERRED","physical_location_code":"DAL","physical_location_code_assigned_by":"IBMid-6610038OJR","physical_location_code_added_on":"1646930525123","physical_location_code_rds_version":"test_version_noop","physical_location_code_rds_id":"c57cb90f-2126-3800-9c9f-9eab82021cdf"}},"attachments":[{"id":"649c6c42-cb36-4a0f-a4bc-95895d384b9f","version":2,"asset_type":"data_asset","name":"m5_survey_data_technologies_normalised.csv","mime":"text/csv","datasource_type":"193a97c1-4475-4a19-b90c-295c4fdc6517","object_key":"m5_survey_data_technologies_normalised.csv","creator_id":"IBMid-6610038OJR","create_time":1647406328969,"size":4172595,"is_remote":false,"is_managed":false,"is_referenced":true,"is_object_key_read_only":true,"is_user_provided_path_key":true,"transfer_complete":true,"is_partitioned":false,"complete_time_ticks":1647406328969,"user_data":{},"test_doc":0,"handle":{"bucket":"capstoneproject-donotdelete-pr-eod8iza4fzfeoh","location":"us-geo","key":"m5_survey_data_technologies_normalised.csv","upload_id":"done","max_part_num":1},"usage":{"access_count":0,"last_accessor_id":"IBMid-6610038OJR","last_access_time":1647406328969}}]}
