{"metadata":{"asset_id":"970aa393-7c5b-4711-aa38-16b329b28bf2","asset_attributes":["data_asset"],"name":"car_sales_data_sample.csv","asset_type":"data_asset","created_at":"2022-03-14T21:49:20Z","description":"","origin_country":"us","owner_id":"IBMid-6610038OJR","project_id":"3802ff17-fef2-480f-96ad-af3fd55d1442","size":527958,"tags":[],"usage":{"last_update_time":1647406028524,"last_updated_at":"2022-03-16T04:47:08Z"}},"entity":{"data_asset":{"mime_type":"text/csv","dataset":false,"schema":{"etag":"\"38a3712cdcbf34d3c9f69b032e071d15\"","valid_since":"Mon, 14 Mar 2022 21:49:19 GMT","fields":[{"name":"ORDERNUMBER","type":"integer","format":"default"},{"name":"QUANTITYORDERED","type":"integer","format":"default"},{"name":"PRICEEACH","type":"integer","format":"default"},{"name":"ORDERLINENUMBER","type":"integer","format":"default"},{"name":"SALES","type":"number","format":"default"},{"name":"ORDERDATE","type":"string","format":"default"},{"name":"STATUS","type":"string","format":"default"},{"name":"QTR_ID","type":"string","format":"default"},{"name":"MONTH_ID","type":"string","format":"default"},{"name":"YEAR_ID","type":"string","format":"default"},{"name":"PRODUCTLINE","type":"string","format":"default"},{"name":"MSRP","type":"integer","format":"default"},{"name":"PRODUCTCODE","type":"string","format":"default"},{"name":"CUSTOMERNAME","type":"string","format":"default"},{"name":"PHONE","type":"string","format":"default"},{"name":"ADDRESSLINE1","type":"string","format":"default"},{"name":"ADDRESSLINE2","type":"string","format":"default"},{"name":"CITY","type":"string","format":"default"},{"name":"STATE","type":"string","format":"default"},{"name":"POSTALCODE","type":"string","format":"default"},{"name":"COUNTRY","type":"string","format":"default"},{"name":"TERRITORY","type":"string","format":"default"},{"name":"CONTACTLASTNAME","type":"string","format":"default"},{"name":"CONTACTFIRSTNAME","type":"string","format":"default"},{"name":"DEALSIZE","type":"string","format":"default"}]}},"location_definition":{"physical_location_code_assignment_method":"INFERRED","physical_location_code":"DAL","physical_location_code_assigned_by":"IBMid-6610038OJR","physical_location_code_added_on":"1646930525123","physical_location_code_rds_version":"test_version_noop","physical_location_code_rds_id":"c57cb90f-2126-3800-9c9f-9eab82021cdf"}},"attachments":[{"id":"620e8565-ede7-417c-b7fc-d5e87f32c7a8","version":2,"asset_type":"data_asset","name":"car_sales_data_sample.csv","mime":"text/csv","datasource_type":"193a97c1-4475-4a19-b90c-295c4fdc6517","object_key":"car_sales_data_sample.csv","creator_id":"IBMid-6610038OJR","create_time":1647294560483,"size":527958,"is_remote":false,"is_managed":false,"is_referenced":true,"is_object_key_read_only":true,"is_user_provided_path_key":true,"transfer_complete":true,"is_partitioned":false,"complete_time_ticks":1647294560483,"user_data":{},"test_doc":0,"handle":{"bucket":"capstoneproject-donotdelete-pr-eod8iza4fzfeoh","location":"us-geo","key":"car_sales_data_sample.csv","upload_id":"done","max_part_num":1},"usage":{"access_count":0,"last_accessor_id":"IBMid-6610038OJR","last_access_time":1647294560483}}]}
