{"metadata":{"asset_id":"ca8ebf95-6bcc-47d6-bf63-0887c05703b7","asset_attributes":["notebook"],"name":"Jobs_API","asset_type":"notebook","created_at":"2022-03-10T17:37:20Z","description":"","origin_country":"us","owner_id":"IBMid-6610038OJR","project_id":"3802ff17-fef2-480f-96ad-af3fd55d1442","size":12646,"tags":["notebook"],"usage":{"last_update_time":1647065263525,"last_updated_at":"2022-03-12T06:07:43Z"}},"entity":{"notebook":{"kernel":{"name":"python3","display_name":"Python 3.9","language":"python"},"originates_from":{"type":"blank"},"runtime":{"environment":"conda2rt221"}},"location_definition":{"physical_location_code":"DAL","physical_location_code_assigned_by":"IBMid-6610038OJR","physical_location_code_rds_id":"c57cb90f-2126-3800-9c9f-9eab82021cdf","physical_location_code_rds_version":"test_version_noop","physical_location_code_assignment_method":"INFERRED","physical_location_code_added_on":"1646930525123"}},"attachments":[{"id":"1086dbd0-f33c-4e5a-b429-c0ea8c2bb52d","version":2,"asset_type":"notebook","name":"attachment for notebook ca8ebf95-6bcc-47d6-bf63-0887c05703b7","description":"attachment for notebook ca8ebf95-6bcc-47d6-bf63-0887c05703b7","mime":"application/json","datasource_type":"193a97c1-4475-4a19-b90c-295c4fdc6517","object_key":"notebook/Jobs_API_bdzlNrcvM.ipynb","creator_id":"IBMid-6610038OJR","create_time":1646933841316,"size":12646,"is_remote":false,"is_managed":false,"is_referenced":true,"is_object_key_read_only":false,"is_user_provided_path_key":true,"transfer_complete":true,"is_partitioned":false,"complete_time_ticks":1646933841316,"user_data":{},"test_doc":0,"handle":{"bucket":"capstoneproject-donotdelete-pr-eod8iza4fzfeoh","location":"us-geo","key":"notebook/Jobs_API_bdzlNrcvM.ipynb","upload_id":"done","max_part_num":1},"usage":{"access_count":15,"last_accessor_id":"IBMid-6610038OJR","last_access_time":1647065136114,"last_updater_id":"IBMid-6610038OJR","last_update_time":1647065136114}}]}
