{"metadata":{"asset_id":"856b8759-1aac-4655-8e09-38a1168ca770","asset_attributes":["notebook"],"name":"Removing Duplicates","asset_type":"notebook","created_at":"2022-03-12T23:47:01Z","description":"","origin_country":"us","owner_id":"IBMid-6610038OJR","project_id":"3802ff17-fef2-480f-96ad-af3fd55d1442","size":7659,"tags":["notebook"],"usage":{"last_update_time":1647128821574,"last_updated_at":"2022-03-12T23:47:01Z"}},"entity":{"notebook":{"kernel":"","originates_from":{"type":"blank"},"runtime":{"environment":"conda2rt221"}},"location_definition":{"physical_location_code":"DAL","physical_location_code_assigned_by":"IBMid-6610038OJR","physical_location_code_rds_id":"c57cb90f-2126-3800-9c9f-9eab82021cdf","physical_location_code_rds_version":"test_version_noop","physical_location_code_assignment_method":"INFERRED","physical_location_code_added_on":"1646930525123"}},"attachments":[{"id":"91ed0f55-0f3a-4c7a-a0bf-70545de3c036","version":2,"asset_type":"notebook","name":"attachment for notebook 856b8759-1aac-4655-8e09-38a1168ca770","description":"attachment for notebook 856b8759-1aac-4655-8e09-38a1168ca770","mime":"application/json","datasource_type":"193a97c1-4475-4a19-b90c-295c4fdc6517","object_key":"notebook/Removing_Duplicates_rge7lgdq7.ipynb","creator_id":"IBMid-6610038OJR","create_time":1647128821573,"size":7659,"is_remote":false,"is_managed":false,"is_referenced":true,"is_object_key_read_only":false,"is_user_provided_path_key":true,"transfer_complete":true,"is_partitioned":false,"complete_time_ticks":1647128821573,"user_data":{},"test_doc":0,"handle":{"bucket":"capstoneproject-donotdelete-pr-eod8iza4fzfeoh","location":"us-geo","key":"notebook/Removing_Duplicates_rge7lgdq7.ipynb","upload_id":"done","max_part_num":1},"usage":{"access_count":0,"last_accessor_id":"IBMid-6610038OJR","last_access_time":1647128821573}}]}
