{"metadata":{"asset_id":"28a517de-00a3-4202-ab97-9fa6634b77c6","asset_attributes":["notebook"],"name":"Data Visualization","asset_type":"notebook","created_at":"2022-03-13T05:14:38Z","description":"","origin_country":"us","owner_id":"IBMid-6610038OJR","project_id":"3802ff17-fef2-480f-96ad-af3fd55d1442","size":5213371,"tags":["notebook"],"usage":{"last_update_time":1647289654873,"last_updated_at":"2022-03-14T20:27:34Z"}},"entity":{"notebook":{"kernel":{"name":"python3","display_name":"Python 3.9","language":"python"},"originates_from":{"type":"blank"},"runtime":{"environment":"conda2rt221"}},"location_definition":{"physical_location_code":"DAL","physical_location_code_assigned_by":"IBMid-6610038OJR","physical_location_code_rds_id":"c57cb90f-2126-3800-9c9f-9eab82021cdf","physical_location_code_rds_version":"test_version_noop","physical_location_code_assignment_method":"INFERRED","physical_location_code_added_on":"1646930525123"}},"attachments":[{"id":"6382563e-0323-4fa0-ad75-62697e1f725e","version":2,"asset_type":"notebook","name":"attachment for notebook 28a517de-00a3-4202-ab97-9fa6634b77c6","description":"attachment for notebook 28a517de-00a3-4202-ab97-9fa6634b77c6","mime":"application/json","datasource_type":"193a97c1-4475-4a19-b90c-295c4fdc6517","object_key":"notebook/Data_Visualization__mSGNlnHL.ipynb","creator_id":"IBMid-6610038OJR","create_time":1647148478959,"size":5213371,"is_remote":false,"is_managed":false,"is_referenced":true,"is_object_key_read_only":false,"is_user_provided_path_key":true,"transfer_complete":true,"is_partitioned":false,"complete_time_ticks":1647148478959,"user_data":{},"test_doc":0,"handle":{"bucket":"capstoneproject-donotdelete-pr-eod8iza4fzfeoh","location":"us-geo","key":"notebook/Data_Visualization__mSGNlnHL.ipynb","upload_id":"done","max_part_num":1},"usage":{"access_count":170,"last_accessor_id":"IBMid-6610038OJR","last_access_time":1647289654872,"last_updater_id":"IBMid-6610038OJR","last_update_time":1647289654872}}]}
