{"metadata":{"asset_id":"605874fa-6a9a-4c92-8a86-66058763e3e4","asset_attributes":["notebook"],"name":"Explore the Dataset","asset_type":"notebook","created_at":"2022-03-12T07:08:45Z","description":"","origin_country":"us","owner_id":"IBMid-6610038OJR","project_id":"3802ff17-fef2-480f-96ad-af3fd55d1442","size":16247,"tags":["notebook"],"usage":{"last_update_time":1647071773996,"last_updated_at":"2022-03-12T07:56:13Z"}},"entity":{"notebook":{"kernel":{"name":"python3","display_name":"Python 3.9","language":"python"},"originates_from":{"type":"blank"},"runtime":{"environment":"conda2rt221"}},"location_definition":{"physical_location_code":"DAL","physical_location_code_assigned_by":"IBMid-6610038OJR","physical_location_code_rds_id":"c57cb90f-2126-3800-9c9f-9eab82021cdf","physical_location_code_rds_version":"test_version_noop","physical_location_code_assignment_method":"INFERRED","physical_location_code_added_on":"1646930525123"}},"attachments":[{"id":"ef072b89-d378-4b46-a045-39c3495e8431","version":2,"asset_type":"notebook","name":"attachment for notebook 605874fa-6a9a-4c92-8a86-66058763e3e4","description":"attachment for notebook 605874fa-6a9a-4c92-8a86-66058763e3e4","mime":"application/json","datasource_type":"193a97c1-4475-4a19-b90c-295c4fdc6517","object_key":"notebook/Explore_the_Dataset_JxMIXfxwI.ipynb","creator_id":"IBMid-6610038OJR","create_time":1647068926110,"size":16247,"is_remote":false,"is_managed":false,"is_referenced":true,"is_object_key_read_only":false,"is_user_provided_path_key":true,"transfer_complete":true,"is_partitioned":false,"complete_time_ticks":1647068926110,"user_data":{},"test_doc":0,"handle":{"bucket":"capstoneproject-donotdelete-pr-eod8iza4fzfeoh","location":"us-geo","key":"notebook/Explore_the_Dataset_JxMIXfxwI.ipynb","upload_id":"done","max_part_num":1},"usage":{"access_count":21,"last_accessor_id":"IBMid-6610038OJR","last_access_time":1647071773994,"last_updater_id":"IBMid-6610038OJR","last_update_time":1647071773994}}]}
